N,K,Fitness,SearchMethod,Distance,CumulativeDistance,NumberOfLandscapes,StdDevFitness,AttemptedFlips,AcceptedFlips
4,1,0.657894196471,GREEDY,1,True,2,0.0711330972477,10.0,2.5
4,1,0.716503399415,GREEDY,2,True,2,0.00909869868921,32.5,2.5
4,1,0.796268313134,STEEPEST,1,True,2,0.0521297585549,8.0,1.5
4,1,0.794748554355,STEEPEST,2,True,2,0.153475728371,20.0,2.0
4,1,0.69860295265,RANDOMThenSTEEPEST,2,True,2,0.0982712663339,36.0,2.0
